http://www.asc-csa.gc.ca/fra/publications/contrats-details.asp?trimestre=51&id=9654,MEDIA Q INC.,9F15140806,2016-14-007,352 - Services relations publiques,2015-001-004 au 2017-31-003, ,"4 599,00 $","13 481,00 $","18 080,00 $",Le présent marché est une commande subséquente à un outil d'acquisition de Travaux public et Services gouvernementaux Canada - Le présent marché comprend une modification ou plus - Marché concurrentiel - Marchés pluriannuels - Marché non déclaré antérieurement
http://www.asc-csa.gc.ca/fra/publications/contrats-details.asp?trimestre=51&id=9655,COM DEV LTD.,9F52150101,2016-20-007,431 - D'éveloppement d'un système pour bio-analyse,2016-20-007 au 2019-31-003, ,"11 761 942,50 $",Marché concurrentiel - Marchés pluriannuels - Marché non déclaré antérieurement
http://www.asc-csa.gc.ca/fra/publications/contrats-details.asp?trimestre=51&id=9653,A.T. MALCOLM CONSULTING INC.,7010542,2016-30-009,491 - Services consultation psychologique,2012-005-004 au 2017-006-001, ,"75 750,00 $","10 995,76 $","86 745,76 $",Le présent marché comprend une modification ou plus - Marché à fournisseur unique - Marchés pluriannuels - Marché non déclaré antérieurement
http://www.asc-csa.gc.ca/fra/publications/contrats-details.asp?trimestre=51&id=9656,CM LABS SIMULATIONS INC.,9F54160374,2016-30-009,1285 - Logiciels application et de développement,2016-30-009 au 2021-31-003, ,"114 715,17 $",Marché à fournisseur unique - Marchés pluriannuels - Marché non déclaré antérieurement
http://www.asc-csa.gc.ca/fra/publications/contrats-details.asp?trimestre=51&id=9635,NSI-MI TECHNOLOGIES LLC,7013567,2016-001-10,812 - Services informatique,2016-001-10 au 2019-31-003, ,"83 443,44 $",Marché à fournisseur unique - Marchés pluriannuels - 
http://www.asc-csa.gc.ca/fra/publications/contrats-details.asp?trimestre=51&id=9542,THE MATHWORKS INC,9F54160114,2016-001-10,583 - Licences/maintenance des logiciels d'applications et de bases de données,2016-001-10 au 2017-30-009, ,"15 295,15 $",Marché à fournisseur unique - 
http://www.asc-csa.gc.ca/fra/publications/contrats-details.asp?trimestre=51&id=9639,ELECTRICAL SAFETY AUTHORITY,7013550,2016-001-10,859 - Services d'inspection électrique,2016-001-10 au 2019-30-009, ,"14 271,22 $",Marché à fournisseur unique - Marchés pluriannuels - 
http://www.asc-csa.gc.ca/fra/publications/contrats-details.asp?trimestre=51&id=9549,ELSEVIER B.V.,9F32160141,2016-001-10,361 - Abonnements électroniques,2016-001-10 au 2017-30-009, ,"33 719,73 $",Marché à fournisseur unique - 
http://www.asc-csa.gc.ca/fra/publications/contrats-details.asp?trimestre=51&id=9633,"DR CELINE M. PARIS, PSYCHOLOGIST",7013589,2016-003-10,499 - Services psychologique,2016-003-10 au 2017-31-10, ,"99 999,51 $",Marché à fournisseur unique - 
http://www.asc-csa.gc.ca/fra/publications/contrats-details.asp?trimestre=51&id=9646,NEVE REFRIGERATION INC,7012967,2016-003-10,"656 - Appareils chauffage,climatisation &  réfrigération",2015-20-008 au 2016-30-12, ,"246 399,63 $","23 425,60 $","269 825,23 $",Le présent marché comprend une modification ou plus - Marché concurrentiel - 
http://www.asc-csa.gc.ca/fra/publications/contrats-details.asp?trimestre=51&id=9567,ROHDE & SCHWARZ CANADA INC.,9F10160293,2016-003-10,"1243 - Instruments mesure,contrôle,lab,médecine & optique",2016-003-10 au 2017-002-10, ,"22 569,91 $",Marché à fournisseur unique - 
http://www.asc-csa.gc.ca/fra/publications/contrats-details.asp?trimestre=51&id=9638,COENTREPRISE CITE/CARON,7013562,2016-003-10,447 - Frais d'enseignement et frais de participation,2016-003-10 au 2017-31-003, ,"11 960,00 $",Le présent marché est une commande subséquente à un outil d'acquisition de Travaux public et Services gouvernementaux Canada - Marché concurrentiel - 
http://www.asc-csa.gc.ca/fra/publications/contrats-details.asp?trimestre=51&id=9631,INSUM SOLUTIONS INC,7013591,2016-004-10,473 - Service technique oracle apex,2016-004-10 au 2017-31-003, ,"84 506,63 $",Marché concurrentiel - 
http://www.asc-csa.gc.ca/fra/publications/contrats-details.asp?trimestre=51&id=9630,GROUPE CONSEIL PROCOM LTEE,7013592,2016-004-10,473 - Services de support à l'implantation de l'application web drupal,2016-004-10 au 2017-31-003, ,"17 246,25 $",Marché concurrentiel - 
http://www.asc-csa.gc.ca/fra/publications/contrats-details.asp?trimestre=51&id=9632,MICROSAT SYSTEMS CANADA INC.,7013590,2016-004-10,420 - Support enginerie sur logiciel d'un satellite,2016-004-10 au 2016-007-11, ,"24 382,57 $",Marché à fournisseur unique - 
http://www.asc-csa.gc.ca/fra/publications/contrats-details.asp?trimestre=51&id=9508,THE UNIVERSITY OF CALGARY,9F52121023,2016-004-10,431 - Support scientifique sur un altimètre laser osiris-rex,2013-17-005 au 2016-30-11, ,"2 130 412,95 $","57 487,50 $","2 187 900,45 $",Le présent marché comprend une modification ou plus - Marché à fournisseur unique - Marchés pluriannuels - 
http://www.asc-csa.gc.ca/fra/publications/contrats-details.asp?trimestre=51&id=9627,LANSDOWNE TECHNOLOGIES INC.,7013595,2016-005-10,420 - Support à la production de documents d'operations satellitaires,2016-005-10 au 2017-31-003, ,"24 144,75 $",Marché à fournisseur unique - 
http://www.asc-csa.gc.ca/fra/publications/contrats-details.asp?trimestre=51&id=9539,THE MATHWORKS INC,9F64160202,2016-005-10,583 - Licences/maintenance des logiciels d'applications et de bases de données,2016-005-10 au 2017-30-009, ,"86 331,33 $",Marché à fournisseur unique - 
http://www.asc-csa.gc.ca/fra/publications/contrats-details.asp?trimestre=51&id=9628,GANNON/BLACKBURN ELECTRICK INC,7013594,2016-005-10,645 - Autres bâtiments,2016-005-10 au 2016-16-12, ,"44 355,89 $",Marché concurrentiel - 
http://www.asc-csa.gc.ca/fra/publications/contrats-details.asp?trimestre=51&id=9626,TERRIX CONSTRUCTION CORP.,7013599,2016-006-10,645 - Autres bâtiments,2016-006-10 au 2017-28-002, ,"219 809,86 $",Marché concurrentiel - 
http://www.asc-csa.gc.ca/fra/publications/contrats-details.asp?trimestre=51&id=9649,AV-TECH INC.,7012060,2016-006-10,859 - Service d'entretien du bâtiment et du terrain,2014-005-005 au 2018-31-003, ,"631 212,76 $","239 148,00 $","870 360,76 $",Le présent marché comprend une modification ou plus - Marché concurrentiel - Marchés pluriannuels - 
http://www.asc-csa.gc.ca/fra/publications/contrats-details.asp?trimestre=51&id=9625,BOLLORE LOGISTICS CANADA,7013600,2016-006-10,210 - Transports d'objets non spécifiés ailleurs,2016-006-10 au 2016-001-12, ,"34 549,99 $",Marché concurrentiel - 
http://www.asc-csa.gc.ca/fra/publications/contrats-details.asp?trimestre=51&id=9547,MDA SYSTEMS LTD,9F44140934,2016-007-10,473 - Système de réservation d’antenne (sra) multimission,2015-27-11 au 2018-31-001, ,"1 403 468,78 $","41 000,47 $","1 444 469,25 $",Le présent marché comprend une modification ou plus - Marché concurrentiel - Marchés pluriannuels - 
http://www.asc-csa.gc.ca/fra/publications/contrats-details.asp?trimestre=51&id=9624,THE AIM GROUP INC.,7013605,2016-11-10,813 - Aide temporaire - contrôleur/superviseur de projet pour la construction,2016-11-10 au 2017-10-10, ,"122 887,50 $",Marché concurrentiel - 
http://www.asc-csa.gc.ca/fra/publications/contrats-details.asp?trimestre=51&id=9554,BEAUDOIN CANADA,9F30150993,2016-12-10,645 - Autres bâtiments,2016-12-10 au 2017-31-10, ,"5 627 400,00 $",Marché concurrentiel - 
http://www.asc-csa.gc.ca/fra/publications/contrats-details.asp?trimestre=51&id=9550,SIRSI CANADA INC.,9F32150660,2016-18-10,583 - Licences/maintenance des logiciels d'applications et de bases de données,2016-005-002 au 2017-31-10, ,"15 181,77 $","15 773,86 $","30 955,63 $",Marché à fournisseur unique - 
http://www.asc-csa.gc.ca/fra/publications/contrats-details.asp?trimestre=51&id=9621,GERRAUDIO DISTRIBUTION INC.,7013615,2016-19-10,1289 - Équipement de communication / réseau,2016-19-10 au 2016-30-11, ,"15 764,70 $",Marché à fournisseur unique - 
http://www.asc-csa.gc.ca/fra/publications/contrats-details.asp?trimestre=51&id=9622,OTTAWA SECURITY SYSTEMS &,7013614,2016-19-10,665 - Autre équipement,2016-19-10 au 2016-004-11, ,"13 961,98 $",Marché à fournisseur unique - 
http://www.asc-csa.gc.ca/fra/publications/contrats-details.asp?trimestre=51&id=9524,NUVU CAMERAS INC.,6314057207,2016-19-10,431 - Adaptation d’une caméra de comptage de photons uniques pour des applications d’imagerie du proche inf,2015-008-11 au 2017-29-12, ,"919 798,24 $","221 326,88 $","1 141 125,12 $",Le présent marché comprend une modification ou plus - Marché concurrentiel - Marchés pluriannuels - 
http://www.asc-csa.gc.ca/fra/publications/contrats-details.asp?trimestre=51&id=9652,DOMUS BUILDING CLEANING,7009424,2016-20-10,811 - Nettoyage d'immeubles à contrat,2011-001-004 au 2016-30-12, ,"922 174,76 $","45 200,00 $","967 374,76 $",Le présent marché comprend une modification ou plus - Marché concurrentiel - Marchés pluriannuels - 
http://www.asc-csa.gc.ca/fra/publications/contrats-details.asp?trimestre=51&id=9629,SMITH & ANDERSEN CONS. ENG.,7013593,2016-22-10,499 - Services de design autocad,2016-22-10 au 2016-31-12, ,"39 968,10 $",Le présent marché est une commande subséquente à un outil d'acquisition de Travaux public et Services gouvernementaux Canada - Marché concurrentiel - 
http://www.asc-csa.gc.ca/fra/publications/contrats-details.asp?trimestre=51&id=9544,KEYSIGHT TECHNOLOGIES CANADA INC.,9F45160064,2016-24-10,583 - Licences/maintenance des logiciels d'applications et de bases de données,2016-24-10 au 2017-27-009, ,"40 378,31 $",Marché à fournisseur unique - 
http://www.asc-csa.gc.ca/fra/publications/contrats-details.asp?trimestre=51&id=9540,ANALYTICAL GRAPHICS INC.,9F64130528,2016-24-10,583 - Licences/maintenance des logiciels d'applications et de bases de données,2014-001-002 au 2018-31-001, ,"297 197,70 $","99 065,90 $","396 263,60 $",Le présent marché comprend une modification ou plus - Marché concurrentiel - Marchés pluriannuels - 
http://www.asc-csa.gc.ca/fra/publications/contrats-details.asp?trimestre=51&id=9510,COM DEV LTD.,6316029601,2016-25-10,431 - Spectroscopie de champ intégral dans le proche infrarouge pour l'imagerie astronomique à grand champ ,2016-25-10 au 2017-31-12, ,"1 609 650,00 $",Marché concurrentiel - 
http://www.asc-csa.gc.ca/fra/publications/contrats-details.asp?trimestre=51&id=9533,HICKLING ARTHURS LOW CORPORATION,7013625,2016-25-10,420 - Services de transfert technologie et potentiel de commercialisation du programme de la station spatia,2016-25-10 au 2017-31-003, ,"79 332,75 $",Marché concurrentiel - 
http://www.asc-csa.gc.ca/fra/publications/contrats-details.asp?trimestre=51&id=9618,SONITEC-VORTISAND TECHNOLOGIES INC.,7013620,2016-25-10,1249 - Autres pièces et matériels,2016-25-10 au 2017-003-002, ,"24 995,57 $",Marché à fournisseur unique - 
http://www.asc-csa.gc.ca/fra/publications/contrats-details.asp?trimestre=51&id=9617,ADVANCED BUSINESS INTERIORS,7013621,2016-25-10,1231 - Mobilier et ameublement du bureau inclant des pièces ,2016-25-10 au 2016-30-12, ,"24 061,09 $",Marché à fournisseur unique - 
http://www.asc-csa.gc.ca/fra/publications/contrats-details.asp?trimestre=51&id=9534,ADGA GROUP CONSULTANTS INC.,7013001,2016-25-10,422 - Surveillance du projet de caméra de remplacement (rcam) du système d'entretien mobile (mss – mobile s,2015-10-009 au 2017-31-003, ,"51 854,19 $","25 927,09 $","77 781,28 $",Le présent marché comprend une modification ou plus - Marché concurrentiel - Marchés pluriannuels - 
http://www.asc-csa.gc.ca/fra/publications/contrats-details.asp?trimestre=51&id=9616,THYSSENKRUPP ELEVATOR CANADA LTD,7013626,2016-26-10,645 - Autres bâtiments,2016-26-10 au 2017-15-005, ,"302 421,90 $",Marché concurrentiel - 
http://www.asc-csa.gc.ca/fra/publications/contrats-details.asp?trimestre=51&id=9532,TURQUOISE TECHNOLOGY,7013628,2016-26-10,423 - Soutien et analyse pour technologie cartographie pour l'exploration spatiale,2016-26-10 au 2017-30-004, ,"64 267,12 $",Le présent marché est une commande subséquente à un outil d'acquisition de Travaux public et Services gouvernementaux Canada - Marché concurrentiel - 
http://www.asc-csa.gc.ca/fra/publications/contrats-details.asp?trimestre=51&id=9512,SAVOIR-FAIRE LINUX INC.,6314090909,2016-27-10,431 - Module de script symphony,2016-14-001 au 2017-31-003, ,"287 127,19 $","68 985,00 $","356 112,19 $",Le présent marché comprend une modification ou plus - Marché concurrentiel - 
http://www.asc-csa.gc.ca/fra/publications/contrats-details.asp?trimestre=51&id=9584,COM DEV LTD.,6316029602,2016-27-10,431 - Radiometric calibration system for large astronomical focal plane,2016-27-10 au 2017-31-12, ,"689 850,00 $",Marché concurrentiel - 
http://www.asc-csa.gc.ca/fra/publications/contrats-details.asp?trimestre=51&id=9640,CEDROM-SNI,7013455,2016-28-10,361 - Abonnements électroniques,2016-28-10 au 2017-27-10, ,"31 173,24 $",Le présent marché est une commande subséquente à un outil d'acquisition de Travaux public et Services gouvernementaux Canada - Marché concurrentiel - 
http://www.asc-csa.gc.ca/fra/publications/contrats-details.asp?trimestre=51&id=9615,TELERIK INC.,7013627,2016-30-10,583 - Licences/maintenance des logiciels d'applications et de bases de données,2016-30-10 au 2017-29-10, ,"11 920,38 $",Marché à fournisseur unique - 
http://www.asc-csa.gc.ca/fra/publications/contrats-details.asp?trimestre=51&id=9651,MDA SYSTEMS LTD,7011872,2016-31-10,499 - Etude de faisabilité mission microsatellite,2014-004-004 au 2017-31-003, ,"1 284 290,30 $","290 311,88 $","1 574 602,18 $",Le présent marché comprend une modification ou plus - Marché concurrentiel - Marchés pluriannuels - 
http://www.asc-csa.gc.ca/fra/publications/contrats-details.asp?trimestre=51&id=9614,NATIONAL INSTRUMENTS CANADA,7013631,2016-31-10,1289 - Équipement de communication / réseau,2016-31-10 au 2016-18-11, ,"16 044,97 $",Marché à fournisseur unique - 
http://www.asc-csa.gc.ca/fra/publications/contrats-details.asp?trimestre=51&id=9620,ADECCO EMPLOYMENT SERVICES LIMITED,7013616,2016-31-10,813 - Aide temporaire - ingénieur senior technologiste mécanique,2016-31-10 au 2017-30-006, ,"34 809,65 $",Le présent marché est une commande subséquente à un outil d'acquisition de Travaux public et Services gouvernementaux Canada - Marché concurrentiel - 
http://www.asc-csa.gc.ca/fra/publications/contrats-details.asp?trimestre=51&id=9543,MAGELLAN AEROSPACE WINNIPEG,9F54120616,2016-001-11,473 - Support enginerie sur logiciel d'un satellite,2013-30-009 au 2017-31-003, ,"574 875,01 $","28 743,75 $","603 618,76 $",Le présent marché comprend une modification ou plus - Marché à fournisseur unique - Marchés pluriannuels - 
http://www.asc-csa.gc.ca/fra/publications/contrats-details.asp?trimestre=51&id=9520,NEPTEC DESIGN GROUP LTD.,6314057220,2016-003-11,431 - Prototype de capteur actif compact,2016-13-001 au 2017-29-009, ,"798 626,71 $","328 306,51 $","1 126 933,22 $",Le présent marché comprend une modification ou plus - Marché concurrentiel - 
http://www.asc-csa.gc.ca/fra/publications/contrats-details.asp?trimestre=51&id=9611,EVALUATION PERSONNEL SELECTION,7013637,2016-004-11,499 - Services ressource humaine dotation bassin ,2016-004-11 au 2017-31-003, ,"23 063,99 $",Marché concurrentiel - 
http://www.asc-csa.gc.ca/fra/publications/contrats-details.asp?trimestre=51&id=9562,THE MATHWORKS INC,9F13160434,2016-007-11,583 - Licences/maintenance des logiciels d'applications et de bases de données,2016-007-11 au 2018-31-003, ,"15 052,55 $",Marché à fournisseur unique - Marchés pluriannuels - 
http://www.asc-csa.gc.ca/fra/publications/contrats-details.asp?trimestre=51&id=9619,ALLSEATING CORPORATION,7013617,2016-007-11,1231 - Mobilier et ameublement du bureau inclant des pièces ,2016-20-10 au 2017-31-003, ,"40 979,38 $",Marché concurrentiel - 
http://www.asc-csa.gc.ca/fra/publications/contrats-details.asp?trimestre=51&id=9637,DAY-VIEW ELECTRIC INC.,7013564,2016-007-11,645 - Autres bâtiments,2016-16-009 au 2016-23-11, ,"135 594,35 $","30 023,20 $","165 617,55 $",Le présent marché comprend une modification ou plus - Marché concurrentiel - 
http://www.asc-csa.gc.ca/fra/publications/contrats-details.asp?trimestre=51&id=9612,DR. JOAN SAARY MEDICINE,7013635,2016-007-11,453 - Médecins et chirurgiens ,2016-007-11 au 2021-31-003, ,"252 945,00 $",Le présent marché fait suite à un préavis d'adjudication de contrat - Marchés pluriannuels - 
http://www.asc-csa.gc.ca/fra/publications/contrats-details.asp?trimestre=51&id=9526,ITRES RESEARCH LIMITED,6314057202,2016-007-11,431 - Spectromètre imageur léger et haute performance pour mesurer la couleur des eaux,2015-31-007 au 2017-31-003, ,"919 790,90 $","163 368,90 $","1 083 159,80 $",Le présent marché comprend une modification ou plus - Marché concurrentiel - Marchés pluriannuels - 
http://www.asc-csa.gc.ca/fra/publications/contrats-details.asp?trimestre=51&id=9610,KABOOM,7013640,2016-007-11,351 - Servcies de design graphique,2016-007-11 au 2017-31-003, ,"17 780,89 $",Le présent marché est une commande subséquente à un outil d'acquisition de Travaux public et Services gouvernementaux Canada - Marché concurrentiel - 
http://www.asc-csa.gc.ca/fra/publications/contrats-details.asp?trimestre=51&id=9634,VACUUM BARRIER CORPORATION,7013570,2016-008-11,1179 - Marchandises et produits divers,2016-22-009 au 2016-22-11, ,"10 505,14 $","13 513,31 $","24 018,45 $",Le présent marché comprend une modification ou plus - Marché à fournisseur unique - 
http://www.asc-csa.gc.ca/fra/publications/contrats-details.asp?trimestre=51&id=9609,SAMSON & ASSOCIES / ASSOCIATES,7013645,2016-009-11,499 - Services d'analyse financière pour le budget de fonctionnement,2016-10-11 au 2017-31-005, ,"83 673,06 $",Marché concurrentiel - 
http://www.asc-csa.gc.ca/fra/publications/contrats-details.asp?trimestre=51&id=9606,APPLIED TECHNOLOGY INSTITUTE,7013655,2016-15-11,447 - Frais d'enseignement et frais de participation,2016-15-11 au 2017-31-003, ,"62 957,05 $",Le présent marché fait suite à un préavis d'adjudication de contrat - 
http://www.asc-csa.gc.ca/fra/publications/contrats-details.asp?trimestre=51&id=9519,COM DEV LTD.,6314057221,2016-15-11,431 - Imageur auroral dans l’ultraviolet de pointe à comptage d’électrons uniques,2015-008-11 au 2018-31-001, ,"459 900,00 $","260 379,29 $","720 279,29 $",Le présent marché comprend une modification ou plus - Marché concurrentiel - Marchés pluriannuels - 
http://www.asc-csa.gc.ca/fra/publications/contrats-details.asp?trimestre=51&id=9559,DELL SOFTWARE CANADA INC.,9F19160372,2016-15-11,583 - Licences/maintenance des logiciels d'applications et de bases de données,2016-15-11 au 2017-14-11, ,"10 100,93 $",Marché concurrentiel - 
http://www.asc-csa.gc.ca/fra/publications/contrats-details.asp?trimestre=51&id=9641,CORPS CANADIEN DES COMMISSIONNAIRES,7013337,2016-16-11,460 - Services de protection,2016-001-004 au 2017-31-003, ,"149 516,37 $","51 262,75 $","200 779,12 $",Le présent marché comprend une modification ou plus - Le présent marché est une commande subséquente à un outil d'acquisition de Travaux public et Services gouvernementaux Canada - Marché concurrentiel - 
http://www.asc-csa.gc.ca/fra/publications/contrats-details.asp?trimestre=51&id=9517,COM DEV LTD.,6314057223,2016-16-11,431 - Développement d’un concept pour l'imageur d'aérosols ali (aerosol limb imager),2015-008-11 au 2017-31-12, ,"402 412,50 $","384 420,07 $","786 832,57 $",Le présent marché comprend une modification ou plus - Marché concurrentiel - Marchés pluriannuels - 
http://www.asc-csa.gc.ca/fra/publications/contrats-details.asp?trimestre=51&id=9605,EUROCONSULT NORTH AMERICA,7013657,2016-16-11,491 - Examen du potentiel commercial de la technologie,2016-16-11 au 2016-23-12, ,"27 134,10 $",Le présent marché est une commande subséquente à un outil d'acquisition de Travaux public et Services gouvernementaux Canada - Marché concurrentiel - 
http://www.asc-csa.gc.ca/fra/publications/contrats-details.asp?trimestre=51&id=9604,EUROCONSULT NORTH AMERICA,7013658,2016-16-11,491 - Examen du potentiel commerciale,2016-16-11 au 2017-20-001, ,"27 134,10 $",Le présent marché est une commande subséquente à un outil d'acquisition de Travaux public et Services gouvernementaux Canada - Marché concurrentiel - 
http://www.asc-csa.gc.ca/fra/publications/contrats-details.asp?trimestre=51&id=9535,LANSDOWNE TECHNOLOGIES INC.,7012907,2016-22-11,423 - Révison de définition d'étape de projet,2015-22-006 au 2017-31-007, ,"21 299,53 $","10 649,77 $","31 949,30 $",Le présent marché comprend une modification ou plus - Le présent marché est une commande subséquente à un outil d'acquisition de Travaux public et Services gouvernementaux Canada - Marché concurrentiel- Marchés pluriannuels - 
http://www.asc-csa.gc.ca/fra/publications/contrats-details.asp?trimestre=51&id=9558,ORACLE CANADA ULC,9F19160454,2016-23-11,583 - Licences/maintenance des logiciels d'applications et de bases de données,2017-001-001 au 2017-31-12, ,"206 958,01 $",Marché concurrentiel - 
http://www.asc-csa.gc.ca/fra/publications/contrats-details.asp?trimestre=51&id=9574,PCI ENTERPRISES INC.,150992/010,2016-23-11,499 - Developpement application en gestion des désastres,2016-23-11 au 2018-23-11, ,"344 874,41 $",Marché concurrentiel - Marchés pluriannuels - 
http://www.asc-csa.gc.ca/fra/publications/contrats-details.asp?trimestre=51&id=9575,MDA GEOSPATIAL SERVICES INC.,150992/009,2016-23-11,499 - Developpement application en gestion des désastres,2016-23-11 au 2018-23-11, ,"344 925,00 $",Marché concurrentiel - Marchés pluriannuels - 
http://www.asc-csa.gc.ca/fra/publications/contrats-details.asp?trimestre=51&id=9576,POLAR VIEW CANADA LTD,150992/008,2016-23-11,499 - Developpement application en gestion des désastres,2016-23-11 au 2018-23-11, ,"344 879,88 $",Marché concurrentiel - Marchés pluriannuels - 
http://www.asc-csa.gc.ca/fra/publications/contrats-details.asp?trimestre=51&id=9577,A.U.G. SIGNALS LTD.,150992/007,2016-23-11,499 - Developpement application en gestion des désastres,2016-23-11 au 2018-23-11, ,"344 447,57 $",Marché concurrentiel - Marchés pluriannuels - 
http://www.asc-csa.gc.ca/fra/publications/contrats-details.asp?trimestre=51&id=9578,ARRAY SYSTEMS COMPUTING INC.,150992/006,2016-23-11,499 - Developpement application en gestion des désastres,2016-23-11 au 2018-23-11, ,"344 918,10 $",Marché concurrentiel - Marchés pluriannuels - 
http://www.asc-csa.gc.ca/fra/publications/contrats-details.asp?trimestre=51&id=9581,AECOM CONSULTANTS  INC.,150992/003,2016-23-11,499 - Developpement application en gestion des désastres,2016-23-11 au 2018-23-11, ,"344 712,30 $",Marché concurrentiel - Marchés pluriannuels - 
http://www.asc-csa.gc.ca/fra/publications/contrats-details.asp?trimestre=51&id=9580,HATFIELD CONSULTANTS PARTNERSHIP,150992/004,2016-23-11,499 - Developpement application en gestion des désastres,2016-23-11 au 2018-23-11, ,"344 876,02 $",Marché concurrentiel - Marchés pluriannuels - 
http://www.asc-csa.gc.ca/fra/publications/contrats-details.asp?trimestre=51&id=9566,CANADA ANALYTICAL & PROCESS,9F10160301,2016-23-11,"1243 - Instruments mesure,contrôle,lab,médecine & optique",2016-23-11 au 2017-003-002, ,"48 751,62 $",Marché concurrentiel - 
http://www.asc-csa.gc.ca/fra/publications/contrats-details.asp?trimestre=51&id=9583,C-CORE,150992/001,2016-23-11,499 - Developpement application en gestion des désastres,2016-23-11 au 2018-23-11, ,"339 176,25 $",Marché concurrentiel - Marchés pluriannuels - 
http://www.asc-csa.gc.ca/fra/publications/contrats-details.asp?trimestre=51&id=9582,3V GEOMATICS INC,150992/002,2016-23-11,499 - Developpement application en gestion des désastres,2016-23-11 au 2018-23-11, ,"344 749,09 $",Marché concurrentiel - Marchés pluriannuels - 
http://www.asc-csa.gc.ca/fra/publications/contrats-details.asp?trimestre=51&id=9647,HDP GROUP INC.,7012848,2016-23-11,813 - Gestionnaire de projet de biens immobiliers,2015-25-005 au 2018-31-003, ,"397 262,80 $","74 685,41 $","471 948,21 $",Le présent marché comprend une modification ou plus - Marché concurrentiel - Marchés pluriannuels - 
http://www.asc-csa.gc.ca/fra/publications/contrats-details.asp?trimestre=51&id=9579,TRE ALTAMIRA INC.,150992/005,2016-23-11,499 - Developpement application en gestion des désastres,2016-23-11 au 2018-23-11, ,"344 407,61 $",Marché concurrentiel - Marchés pluriannuels - 
http://www.asc-csa.gc.ca/fra/publications/contrats-details.asp?trimestre=51&id=9645,THE AIM GROUP INC.,7013049,2016-23-11,813 - Aide temporaire - contrôleur/superviseur de projet pour la construction,2015-26-10 au 2018-31-003, ,"179 783,00 $","74 421,80 $","254 204,80 $",Le présent marché comprend une modification ou plus - Marché concurrentiel - Marchés pluriannuels - 
http://www.asc-csa.gc.ca/fra/publications/contrats-details.asp?trimestre=51&id=9623,SOFTSIM TECHNOLOGIES INC.,7013607,2016-23-11,499 - Révision du processus de dotation de l'asc,2016-13-10 au 2017-31-003, ,"31 836,58 $","41 391,00 $","73 227,58 $",Marché concurrentiel - 
http://www.asc-csa.gc.ca/fra/publications/contrats-details.asp?trimestre=51&id=9571,NOVA NETWORKS INC,2BH649987,2016-24-11,1283 - Équipement informatique de l'environnement d'informatique répartie ,2016-24-11 au 2016-19-12, ,"28 893,22 $",Marché concurrentiel - 
http://www.asc-csa.gc.ca/fra/publications/contrats-details.asp?trimestre=51&id=9557,NISHA TECHNOLOGIES INC,9F19160543,2016-24-11,1283 - Équipement informatique de l'environnement d'informatique répartie ,2016-24-11 au 2016-30-11, ,"19 346,22 $",Marché concurrentiel - 
http://www.asc-csa.gc.ca/fra/publications/contrats-details.asp?trimestre=51&id=9601,ZODIAC DATA SYSTEMS,7013663,2016-24-11,"660 - Instruments, appareils de mesure, de contrôle, de laboratoire, de médecine et d'optique ",2016-24-11 au 2016-24-12, ,"12 799,51 $",Marché à fournisseur unique - 
http://www.asc-csa.gc.ca/fra/publications/contrats-details.asp?trimestre=51&id=9572,NISHA TECHNOLOGIES INC,2BH644238A,2016-25-11,1283 - Équipement informatique de l'environnement d'informatique répartie ,2016-25-11 au 2017-005-001, ,"153 777,02 $",Le présent marché est une commande subséquente à un outil d'acquisition de Travaux public et Services gouvernementaux Canada - Marché concurrentiel - 
http://www.asc-csa.gc.ca/fra/publications/contrats-details.asp?trimestre=51&id=9570,SOFTCHOICE CORPORATION,2BH650047,2016-28-11,1283 - Équipement informatique de l'environnement d'informatique répartie ,2016-28-11 au 2016-19-12, ,"46 324,45 $",Le présent marché est une commande subséquente à un outil d'acquisition de Travaux public et Services gouvernementaux Canada - Marché concurrentiel - 
http://www.asc-csa.gc.ca/fra/publications/contrats-details.asp?trimestre=51&id=9507,UNIVERSITY OF GUELPH,9F52140592,2016-29-11,431 - Support scientifique sur le spectromètre d'analyse des particules alpha (apxs),2015-21-004 au 2017-007-004, ,"1 287 627,00 $","193 000,00 $","1 480 627,00 $",Le présent marché comprend une modification ou plus - Marché à fournisseur unique - Marchés pluriannuels - 
http://www.asc-csa.gc.ca/fra/publications/contrats-details.asp?trimestre=51&id=9608,PATSNAP PTE LTD,7013653,2016-30-11,362 - Services - accès aux données et base de données,2016-30-11 au 2017-29-11, ,"14 800,00 $",Marché à fournisseur unique - 
http://www.asc-csa.gc.ca/fra/publications/contrats-details.asp?trimestre=51&id=9636,T3P CONSTRUCTION INC.,7013565,2016-30-11,"656 - Appareils chauffage,climatisation &  réfrigération",2016-19-009 au 2017-28-002, ,"171 312,75 $","14 179,81 $","185 492,56 $",Le présent marché comprend une modification ou plus - Marché concurrentiel - 
http://www.asc-csa.gc.ca/fra/publications/contrats-details.asp?trimestre=51&id=9515,ABB INC,6314090904,2016-30-11,431 - Adaptation au prototype show pour aéronefs à plafond élevé (show - spatial heterodyne observation of ,2016-13-001 au 2017-29-009, ,"743 015,59 $","13 276,16 $","756 291,75 $",Le présent marché comprend une modification ou plus - Marché concurrentiel - 
http://www.asc-csa.gc.ca/fra/publications/contrats-details.asp?trimestre=51&id=9607,D. H. JUTZI LIMITED,7013654,2016-001-12,859 - Traitement chimique de l'eau,2016-001-12 au 2017-30-11, ,"12 430,00 $",Marché concurrentiel - 
http://www.asc-csa.gc.ca/fra/publications/contrats-details.asp?trimestre=51&id=9602,RICOH CANADA INC.,7013662,2016-001-12,"533 - Location machinerie, mobilier &d;'installation de bureau",2016-001-12 au 2021-30-11, ,"29 746,32 $",Le présent marché est une commande subséquente à un outil d'acquisition de Travaux public et Services gouvernementaux Canada - Marché concurrentiel - Marchés pluriannuels - 
http://www.asc-csa.gc.ca/fra/publications/contrats-details.asp?trimestre=51&id=9599,AIRBUS DEFENCE AND SPACE CANADA INC,7013669,2016-001-12,431 - Étude conceptuelle d'une mission sur la masse de neige au sol,2016-001-12 au 2018-31-003, ,"452 000,00 $",Marché concurrentiel - Marchés pluriannuels - 
http://www.asc-csa.gc.ca/fra/publications/contrats-details.asp?trimestre=51&id=9546,ANALYTICAL GRAPHICS INC.,9F44160401,2016-001-12,1285 - Logiciels application et de développement,2016-001-12 au 2018-30-11, ,"68 564,95 $",Marché à fournisseur unique - Marchés pluriannuels - 
http://www.asc-csa.gc.ca/fra/publications/contrats-details.asp?trimestre=51&id=9548,EUROCONSULT NORTH AMERICA,9F32160581,2016-001-12,361 - Abonnements électroniques,2017-001-001 au 2017-31-12, ,"30 324,85 $",Marché à fournisseur unique - 
http://www.asc-csa.gc.ca/fra/publications/contrats-details.asp?trimestre=51&id=9598,CONCEPT-R INC.,7013671,2016-002-12,1212 - Outils et outillage ,2016-002-12 au 2016-007-12, ,"18 032,06 $",Marché à fournisseur unique - 
http://www.asc-csa.gc.ca/fra/publications/contrats-details.asp?trimestre=51&id=9568,WYLE LABORATORIES INC.,9F08140002,2016-002-12,430 - Services scientifiques,2014-18-008 au 2017-17-008, ,"113 382,37 $","54 132,59 $","167 514,96 $",Marché à fournisseur unique - Marchés pluriannuels - 
http://www.asc-csa.gc.ca/fra/publications/contrats-details.asp?trimestre=51&id=9643,MACHRAFI RACHID,7013253,2016-005-12,431 - Tester le dosimètre à bulles dans un accélérateur terrestre,2016-24-002 au 2017-22-12, ,"59 557,05 $","10 816,86 $","70 373,91 $",Le présent marché comprend une modification ou plus - Marché à fournisseur unique - 
http://www.asc-csa.gc.ca/fra/publications/contrats-details.asp?trimestre=51&id=9596,DOYLETECH CORPORATION,7013680,2016-005-12,491 - Étude sur le concept des incubateurs,2016-005-12 au 2017-31-003, ,"57 487,51 $",Le présent marché est une commande subséquente à un outil d'acquisition de Travaux public et Services gouvernementaux Canada - Marché concurrentiel - 
http://www.asc-csa.gc.ca/fra/publications/contrats-details.asp?trimestre=51&id=9603,BEDARD RESSOURCES INC.,7013661,2016-005-12,813 - Aide temporaire - assistance administrative temporaire,2016-005-12 au 2017-31-003, ,"14 615,68 $",Le présent marché est une commande subséquente à un outil d'acquisition de Travaux public et Services gouvernementaux Canada - Marché concurrentiel - 
http://www.asc-csa.gc.ca/fra/publications/contrats-details.asp?trimestre=51&id=9600,THE HAMMERS COMPANY INC.,7013668,2016-005-12,447 - Frais d'enseignement et frais de participation,2017-23-001 au 2017-25-001, ,"12 952,23 $",Marché à fournisseur unique - 
http://www.asc-csa.gc.ca/fra/publications/contrats-details.asp?trimestre=51&id=9595,DASSAULT SYSTEMES INC.,7013681,2016-006-12,583 - Licences/maintenance des logiciels d'applications et de bases de données,2017-13-002 au 2018-12-002, ,"16 554,06 $",Marché à fournisseur unique - 
http://www.asc-csa.gc.ca/fra/publications/contrats-details.asp?trimestre=51&id=9556,NORTHERN MICRO,9F19160595,2016-006-12,1283 - Équipement informatique de l'environnement d'informatique répartie ,2016-006-12 au 2016-15-11, ,"21 064,47 $",Marché concurrentiel - 
http://www.asc-csa.gc.ca/fra/publications/contrats-details.asp?trimestre=51&id=9531,ADVISO CONSEIL INC.,7013685,2016-006-12,"351 - Services analyse et recommandations pour programme de financement
",2016-006-12 au 2017-31-001, ,"10 502,97 $",Le présent marché est une commande subséquente à un outil d'acquisition de Travaux public et Services gouvernementaux Canada - Marché concurrentiel - 
http://www.asc-csa.gc.ca/fra/publications/contrats-details.asp?trimestre=51&id=9530,ADVISO CONSEIL INC.,7013688,2016-006-12,351 - Services inventaire et analyse des statistiques pour programme de financement,2016-006-12 au 2017-003-002, ,"11 106,59 $",Le présent marché est une commande subséquente à un outil d'acquisition de Travaux public et Services gouvernementaux Canada - Marché concurrentiel - 
http://www.asc-csa.gc.ca/fra/publications/contrats-details.asp?trimestre=51&id=9594,BUBBLE TECHNOLOGY INDUSTRIES INC.,7013690,2016-007-12,"1243 - Instruments mesure,contrôle,lab,médecine & optique",2016-007-12 au 2017-005-001, ,"24 995,25 $",Marché à fournisseur unique - 
http://www.asc-csa.gc.ca/fra/publications/contrats-details.asp?trimestre=51&id=9545,THE GOVERNING COUNCIL OF THE,9F45130443,2016-008-12,431 - Recherche & developpement intrument de collect de données,2014-31-001 au 2017-30-11, ,"531 250,00 $","197 307,00 $","728 557,00 $",Le présent marché comprend une modification ou plus - Marché concurrentiel - Marchés pluriannuels - 
http://www.asc-csa.gc.ca/fra/publications/contrats-details.asp?trimestre=51&id=9516,MACDONALD DETTWILER AND,6314057224,2016-12-12,431 - Capteur intégré pour spectroscopie par claquage laser / raman,2016-31-003 au 2017-31-12, ,"689 850,00 $","58 004,89 $","747 854,89 $",Le présent marché comprend une modification ou plus - Marché concurrentiel - 
http://www.asc-csa.gc.ca/fra/publications/contrats-details.asp?trimestre=51&id=9523,INSTITUT NATIONAL D'OPTIQUE,6314057211,2016-12-12,431 - Détecteur à balayage sur large fauchée ,2015-31-007 au 2017-29-009, ,"1 093 637,60 $","511 638,75 $","1 605 276,35 $",Le présent marché comprend une modification ou plus - Marché concurrentiel - Marchés pluriannuels - 
http://www.asc-csa.gc.ca/fra/publications/contrats-details.asp?trimestre=51&id=9528,INSTITUT NATIONAL D'OPTIQUE,6312071110,2016-12-12,431 - Prorotypage de capteurs microbolométriques pour l'infra-rouge moyen,2013-18-10 au 2017-30-006, ,"988 526,30 $","118 508,18 $","1 107 034,48 $",Le présent marché comprend une modification ou plus - Marché concurrentiel - Marchés pluriannuels - 
http://www.asc-csa.gc.ca/fra/publications/contrats-details.asp?trimestre=51&id=9521,UNIVERSITY OF WATERLOO,6314057215,2016-12-12,431 - Ensemble de détecteurs pour la mission qeyssat (quantum encryption and science satellite),2016-13-001 au 2017-31-005, ,"500 000,00 $","135 324,00 $","635 324,00 $",Le présent marché comprend une modification ou plus - Marché concurrentiel - 
http://www.asc-csa.gc.ca/fra/publications/contrats-details.asp?trimestre=51&id=9563,ZODIAC DATA SYSTEMS,9F13150539,2016-12-12,1285 - Logiciels application et de développement,2016-18-002 au 2017-30-007, ,"94 595,10 $","20 714,26 $","115 309,36 $",Le présent marché comprend une modification ou plus - Marché à fournisseur unique - 
http://www.asc-csa.gc.ca/fra/publications/contrats-details.asp?trimestre=51&id=9505,YORK UNIVERSITY,9F52160316,2016-12-12,431 - Support scientifique sur un altimètre laser osiris-rex,2016-12-12 au 2018-31-003, ,"1 379 995,37 $",Marché à fournisseur unique - Marchés pluriannuels - 
http://www.asc-csa.gc.ca/fra/publications/contrats-details.asp?trimestre=51&id=9592,CHAYA INC.,7013694,2016-12-12,499 - Support à la gestion de projet - processus sélection médicale,2016-12-12 au 2017-005-005, ,"24 999,84 $",Marché à fournisseur unique - 
http://www.asc-csa.gc.ca/fra/publications/contrats-details.asp?trimestre=51&id=9650,EATON-ELECTRICAL SERVICES & SYSTEMS,7011960,2016-12-12,"658 - Matériel d'éclairage, de contrôle et de distribution d'électricité ",2014-001-004 au 2018-31-003, ,"124 300,00 $","46 330,00 $","170 630,00 $",Le présent marché comprend une modification ou plus - Marché concurrentiel - Marchés pluriannuels - 
http://www.asc-csa.gc.ca/fra/publications/contrats-details.asp?trimestre=51&id=9513,MACDONALD DETTWILER AND,6314090907,2016-13-12,431 - Système de plaques d’interface de manipulateur,2016-001-004 au 2017-31-007, ,"574 875,00 $","275 940,00 $","850 815,00 $",Le présent marché comprend une modification ou plus - Marché concurrentiel - 
http://www.asc-csa.gc.ca/fra/publications/contrats-details.asp?trimestre=51&id=9591,PROACTIVE SECURITY / SÉCURITÉ,7013700,2016-14-12,499 - Enquête conflit intérêt,2016-14-12 au 2017-31-003, ,"24 029,78 $",Marché à fournisseur unique - Le présent marché a été adjugé à un ancien fonctionnaire recevant une pension versée en vertu de la Loi sur la pension de la fonction publique -
http://www.asc-csa.gc.ca/fra/publications/contrats-details.asp?trimestre=51&id=9522,COM DEV LTD.,6314057212,2016-14-12,431 - Développement d’un système d’optique d'entrée à champ de vision large ,2015-008-11 au 2017-31-008, ,"1 034 775,00 $","229 950,00 $","1 264 725,00 $",Le présent marché comprend une modification ou plus - Marché concurrentiel - Marchés pluriannuels - 
http://www.asc-csa.gc.ca/fra/publications/contrats-details.asp?trimestre=51&id=9648,TERESA EVA KWAN,7012769,2016-15-12,430 - Services scientifiques,2015-20-004 au 2017-30-003, ,"49 929,50 $","40 000,00 $","89 929,50 $",Le présent marché comprend une modification ou plus - Marché à fournisseur unique - Marchés pluriannuels - 
http://www.asc-csa.gc.ca/fra/publications/contrats-details.asp?trimestre=51&id=9590,SCIENCE-METRIX INC.,7013704,2016-15-12,491 - Services d'évaluation de programme (mission astronomie et planetaire),2016-15-12 au 2017-30-006, ,"86 683,96 $",Marché concurrentiel - 
http://www.asc-csa.gc.ca/fra/publications/contrats-details.asp?trimestre=51&id=9560,NISSAN CANADA INC.,9F18160712,2016-15-12,1261 - Véhicules automobiles de route,2016-15-12 au 2017-31-003, ,"26 303,98 $",Marché concurrentiel - 
http://www.asc-csa.gc.ca/fra/publications/contrats-details.asp?trimestre=51&id=9597,THE AIM GROUP INC.,7013672,2016-16-12,813 - Aide temporaire - technician du système d'automatisation du bâtiment,2016-16-12 au 2017-30-004, ,"72 094,00 $",Marché concurrentiel - 
http://www.asc-csa.gc.ca/fra/publications/contrats-details.asp?trimestre=51&id=9538,ADVANCED MOTION & CONTROLS LTD,9F64160263,2016-16-12,1253 - Acquisition & pièces de satellite& engin spatiale ,2016-16-12 au 2017-31-001, ,"50 064,71 $",Marché concurrentiel - 
http://www.asc-csa.gc.ca/fra/publications/contrats-details.asp?trimestre=51&id=9529,ROCHON EXPERTS CONSEILS INC,7013707,2016-19-12,422 - Services dessins technique mécanique/électrique,2016-19-12 au 2017-15-006, ,"39 967,32 $",Le présent marché est une commande subséquente à un outil d'acquisition de Travaux public et Services gouvernementaux Canada - Marché concurrentiel - 
http://www.asc-csa.gc.ca/fra/publications/contrats-details.asp?trimestre=51&id=9561,CNW GROUP LTD,9F15140856,2016-19-12,352 - Services de relations publiques,2015-001-004 au 2017-31-003, ,"17 246,25 $","16 653,75 $","33 900,00 $",Le présent marché comprend une modification ou plus - Marché concurrentiel - Marchés pluriannuels - 
http://www.asc-csa.gc.ca/fra/publications/contrats-details.asp?trimestre=51&id=9644,FACTIVA - DOW JONES & REUTERS,7013234,2016-19-12,859 - Accès base données,2016-001-004 au 2017-31-003, ,"8 636,92 $","1 580,21 $","10 217,13 $",Le présent marché comprend une modification ou plus - Le présent marché est une commande subséquente à un outil d'acquisition de Travaux public et Services gouvernementaux Canada - Marché concurrentiel - 
http://www.asc-csa.gc.ca/fra/publications/contrats-details.asp?trimestre=51&id=9589,DR. PAUL SEDGE MFC,7013705,2016-19-12,499 - Soutien médical et comportemental,2016-19-12 au 2020-31-003, ,"99 999,50 $",Marché concurrentiel - Marchés pluriannuels - Le présent marché a été adjugé à un ancien fonctionnaire recevant une pension versée en vertu de la Loi sur la pension de la fonction publique -
http://www.asc-csa.gc.ca/fra/publications/contrats-details.asp?trimestre=51&id=9551,EBSCO CANADA LTD,9F32140289,2016-19-12,361 - Abonnements électroniques,2014-25-11 au 2017-31-12, ,"30 510,00 $","67 751,09 $","98 261,09 $",Le présent marché comprend une modification ou plus - Marché à fournisseur unique - Marchés pluriannuels - 
http://www.asc-csa.gc.ca/fra/publications/contrats-details.asp?trimestre=51&id=9518,THE UNIVERSITY OF CALGARY,6314057222,2016-19-12,431 - Appareil d’imagerie plasma miniature ,2015-16-11 au 2017-29-12, ,"439 222,37 $","240 142,53 $","679 364,90 $",Le présent marché comprend une modification ou plus - Marché concurrentiel - Marchés pluriannuels - 
http://www.asc-csa.gc.ca/fra/publications/contrats-details.asp?trimestre=51&id=9553,KABIAN CONSTRUCTION INC.,9F30160066,2016-19-12,630 - Édifices à bureau,2016-27-007 au 2016-31-12, ,"333 283,26 $","58 497,62 $","391 780,88 $",Le présent marché comprend une modification ou plus - Marché concurrentiel - 
http://www.asc-csa.gc.ca/fra/publications/contrats-details.asp?trimestre=51&id=9527,XIPHOS SYSTEMS CORPORATION,6314057201,2016-20-12,431 - Système d’odométrie visuelle intégré ,2015-31-007 au 2017-31-008, ,"597 856,20 $","189 611,02 $","787 467,22 $",Le présent marché comprend une modification ou plus - Marché concurrentiel - Marchés pluriannuels - 
http://www.asc-csa.gc.ca/fra/publications/contrats-details.asp?trimestre=51&id=9573,ECLIPSYS SOLUTIONS,2BDC30879,2016-20-12,583 - Licences/maintenance des logiciels d'applications et de bases de données,2016-20-12 au 2017-19-12, ,"32 536,77 $",Marché concurrentiel - 
http://www.asc-csa.gc.ca/fra/publications/contrats-details.asp?trimestre=51&id=9541,NOVA NETWORKS INC,9F54160285,2016-20-12,1283 - Équipement informatique de l'environnement d'informatique répartie ,2016-20-12 au 2017-17-002, ,"53 955,47 $",Marché concurrentiel - 
http://www.asc-csa.gc.ca/fra/publications/contrats-details.asp?trimestre=51&id=9506,MACDONALD DETTWILER AND,9F52150828,2016-21-12,431 - Support industriel sur un altimètre laser osiris-rex,2016-21-12 au 2020-31-12, ,"4 248 734,41 $",Marché à fournisseur unique - Marchés pluriannuels - 
http://www.asc-csa.gc.ca/fra/publications/contrats-details.asp?trimestre=51&id=9569,CONEXSYS COMMUNICATIONS LTD,2BSCS10405,2016-21-12,1283 - Équipement informatique de l'environnement d'informatique répartie ,2016-21-12 au 2016-30-12, ,"110 315,48 $",Marché concurrentiel - 
http://www.asc-csa.gc.ca/fra/publications/contrats-details.asp?trimestre=51&id=9536,SIEMENS PRODUCT LIFECYCLE,9F64160587,2016-21-12,583 - Licences/maintenance des logiciels d'applications et de bases de données,2016-21-12 au 2017-30-11, ,"32 602,59 $",Marché à fournisseur unique - 
http://www.asc-csa.gc.ca/fra/publications/contrats-details.asp?trimestre=51&id=9537,ESI NORTH AMERICA INC.,9F64160444,2016-21-12,583 - Licences/maintenance des logiciels d'applications et de bases de données,2016-21-12 au 2017-30-10, ,"20 826,61 $",Marché à fournisseur unique - 
http://www.asc-csa.gc.ca/fra/publications/contrats-details.asp?trimestre=51&id=9555,CANDEV CONSTRUCTION INC,9F30150185,2016-21-12,630 - Édifices à bureau,2015-008-009 au 2016-31-12, ,"2 152 332,00 $","892 490,80 $","3 044 822,80 $",Le présent marché comprend une modification ou plus - Marché concurrentiel - 
http://www.asc-csa.gc.ca/fra/publications/contrats-details.asp?trimestre=51&id=9588,ANALYTICAL GRAPHICS INC.,7013712,2016-21-12,583 - Licences/maintenance des logiciels d'applications et de bases de données,2017-001-002 au 2018-31-001, ,"15 401,95 $",Marché à fournisseur unique - 
http://www.asc-csa.gc.ca/fra/publications/contrats-details.asp?trimestre=51&id=9509,LOCKHEED MARTIN SERVICES INC,9F00580651,2016-21-12,420 - Support technique sur une passerelle de données ,2010-001-006 au 2017-30-009, ,"1 803 537,00 $","195 119,50 $","1 998 656,50 $",Le présent marché comprend une modification ou plus - Marché à fournisseur unique - Marchés pluriannuels - 
http://www.asc-csa.gc.ca/fra/publications/contrats-details.asp?trimestre=51&id=9613,LANSDOWNE TECHNOLOGIES INC.,7013633,2016-21-12,499 - Services de rédaction plan resultat départemental,2016-002-11 au 2017-28-004, ,"7 967,77 $","15 935,53 $","23 903,30 $",Marché à fournisseur unique - 
http://www.asc-csa.gc.ca/fra/publications/contrats-details.asp?trimestre=51&id=9564,INGENICOMM INC.,9F13150325,2016-21-12,1285 - Logiciels application et de développement,2015-10-12 au 2017-15-12, ,"166 486,67 $","82 467,46 $","248 954,13 $",Le présent marché comprend une modification ou plus - Marché à fournisseur unique - Marchés pluriannuels - 
http://www.asc-csa.gc.ca/fra/publications/contrats-details.asp?trimestre=51&id=9565,SIEMENS INDUSTRY SOFTWARE LTD,9F10160612,2016-22-12,"1243 - Instruments mesure,contrôle,lab,médecine & optique",2016-22-12 au 2017-21-12, ,"383 754,25 $",Marché à fournisseur unique - 
http://www.asc-csa.gc.ca/fra/publications/contrats-details.asp?trimestre=51&id=9593,ESRI CANADA LIMITED,7013693,2016-22-12,583 - Licences/maintenance des logiciels d'applications et de bases de données,2016-22-12 au 2017-21-12, ,"11 382,53 $",Marché concurrentiel - 
http://www.asc-csa.gc.ca/fra/publications/contrats-details.asp?trimestre=51&id=9511,AFLARE SYSTEMS INC.,6314090911,2016-22-12,431 - Réseau tolérant aux perturbations pour les communications satellitaires,2015-18-12 au 2017-30-006, ,"202 552,50 $","84 397,44 $","286 949,94 $",Le présent marché comprend une modification ou plus - Marché concurrentiel - Marchés pluriannuels - 
http://www.asc-csa.gc.ca/fra/publications/contrats-details.asp?trimestre=51&id=9586,WORKPLACE SAFETY & PREVENTION,7013715,2016-22-12,448 - Achats de programmes de formation et cours,2016-22-12 au 2017-29-009, ,"23 278,00 $",Le présent marché est une commande subséquente à un outil d'acquisition de Travaux public et Services gouvernementaux Canada - Marché concurrentiel - 
http://www.asc-csa.gc.ca/fra/publications/contrats-details.asp?trimestre=51&id=9642,POLYVAL CONSTRUCTION INC.,7013301,2016-22-12,630 - Édifices à bureau,2016-10-003 au 2017-15-003, ,"94 555,44 $","15 106,12 $","109 661,56 $",Le présent marché comprend une modification ou plus - Marché concurrentiel - 
http://www.asc-csa.gc.ca/fra/publications/contrats-details.asp?trimestre=51&id=9514,DELTION INNOVATIONS LTD,6314090905,2016-22-12,431 - Carottier miniature avancé pour la lune et mars,2016-001-002 au 2017-001-006, ,"803 974,19 $","117 067,55 $","921 041,74 $",Le présent marché comprend une modification ou plus - Marché concurrentiel - 
http://www.asc-csa.gc.ca/fra/publications/contrats-details.asp?trimestre=51&id=9585,THOMSON TREMBLAY INC,7013716,2016-23-12,813 - Aide temporaire - technicien déploiement postes windows,2017-003-001 au 2017-31-003, ,"16 280,46 $",Le présent marché est une commande subséquente à un outil d'acquisition de Travaux public et Services gouvernementaux Canada - Marché concurrentiel - 
http://www.asc-csa.gc.ca/fra/publications/contrats-details.asp?trimestre=51&id=9525,CARRE TECHNOLOGIES INC.,6314057204,2016-23-12,431 - Système de microcapteur sans fil pour la surveillance des données biométriques des membres de l'équip,2015-31-007 au 2018-31-001, ,"796 431,83 $","391 374,90 $","1 187 806,73 $",Le présent marché comprend une modification ou plus - Marché concurrentiel - Marchés pluriannuels - 
http://www.asc-csa.gc.ca/fra/publications/contrats-details.asp?trimestre=51&id=9587,SERVICES PLUS / 138102 CANADA INC.,7013713,2016-28-12,813 - Aide temporaire - technicien déploiement postes windows,2016-28-12 au 2017-31-003, ,"15 033,04 $",Le présent marché est une commande subséquente à un outil d'acquisition de Travaux public et Services gouvernementaux Canada - Marché concurrentiel - 
http://www.asc-csa.gc.ca/fra/publications/contrats-details.asp?trimestre=51&id=9552,PROVINCE ELECTRIC SUPPLY LTD,9F30160536,2016-30-12,"1242 - Matériel d'éclairage électrique, de contrôle et de distribution d'électricité",2016-30-12 au 2017-24-002, ,"53 111,13 $",Marché concurrentiel - 
